{
  "$schema": "https://json-schema.org/draft/2020-12/schema",
  "$id": "https://github.com/algorandfoundation/puya/puyapy-ls/config",
  "title": "Algorand Python Language Server",
  "description": "Configuration for Algorand Python Language Server",
  "type": "object",
  "properties": {
    "logLevel": {
      "type": "string",
      "default": "Info",
      "description": "Specifies the level of logging for the Output panel",
      "enum": [
            "Error",
            "Warning",
            "Info",
            "Debug"
      ]
    },
    "debounceInterval": {
      "type": "number",
      "default": 0.5,
      "description": "Duration to wait for no further changes before analysing"
    }
  }
}
